원위도,원경도,snapped_lat,snapped_lon
37.6517415,127.0554936,37.65174,127.055424
37.65547438,127.0357388,37.655445,127.035741
37.54129396,127.0711307,37.541269,127.071217
37.65450733,127.0604443,37.654514,127.060485
37.54183637,127.0289729,37.541874,127.029065
37.56692083,127.0627451,37.566714,127.062513
37.56615707,126.9838589,37.566096,126.983861
37.56057813,127.06982,37.560589,127.069801
37.66122577,127.0581322,37.6612,127.058129
37.57307474,127.0150171,37.572935,127.015086
37.56073579,126.8196932,37.560532,126.819654
37.62674948,127.0756191,37.626708,127.075649
37.49995372,127.0336253,37.499903,127.03365
37.60806035,126.9201076,37.608077,126.920077
37.55924816,126.8322517,37.559275,126.832256
37.51622068,127.0196089,37.516222,127.019613
37.48955917,127.031609,37.489568,127.031605
37.48507781,126.9050657,37.485055,126.905064
37.50199407,126.9807553,37.502026,126.980763
37.46688152,126.9482268,37.466883,126.948227
37.46767799,126.7050673,37.467671,126.705066
37.51284773,126.7056863,37.512893,126.70569
37.47836561,127.1142768,37.478359,127.114282
37.52466577,127.0521905,37.524722,127.052181
37.43944844,126.6726552,37.439534,126.672703
37.47735717,126.6930333,37.477301,126.693196
37.43866157,126.6819235,37.438588,126.681919
37.45825453,126.6847075,37.458189,126.684701
37.48741092,126.7082406,37.487371,126.708259
37.52429587,127.0473716,37.524302,127.047388
35.16286268,126.8509824,35.16291,126.850979
35.13471964,126.8992818,35.134704,126.899265
35.15157644,126.8511314,35.15159,126.851131
35.19034661,126.9278032,35.190306,126.927773
35.13848243,126.9218925,35.138493,126.921883
35.20296402,126.873676,35.202971,126.873756
35.17155336,126.8994928,35.17163,126.89949
35.2019226,126.8904699,35.201855,126.890412
35.16130449,126.8893677,35.161391,126.889412
35.1722103,126.8846794,35.172211,126.884707
35.15421563,126.7378984,35.154262,126.737872
36.34242206,127.4087104,36.34243,127.40872
35.17712566,126.8385462,35.177202,126.838573
36.32289065,127.4155849,36.322894,127.415585
35.1584307,126.7304436,35.158437,126.730419
36.28016805,127.3762134,36.280177,127.376242
36.35172005,127.3784454,36.351646,127.378631
35.21634082,126.8274809,35.216338,126.827465
35.16559095,126.690027,35.165594,126.69002
36.34162131,127.3892991,36.341633,127.389314
36.35568704,127.4015283,36.355776,127.401528
37.24676661,127.0323267,37.246804,127.03234
37.29989155,126.9695785,37.299902,126.969497
37.25028166,127.0187287,37.250271,127.018758
36.40651316,127.4237711,36.406539,127.423632
36.44607853,127.4061677,36.446108,127.406144
37.28299924,127.0383408,37.282995,127.038336
37.31956841,126.9877564,37.319523,126.987742
37.28779621,126.9779779,37.287771,126.977912
37.27270381,126.9611858,37.272619,126.961275
37.44215656,126.846892,37.442147,126.846943
37.39145731,127.0648631,37.391472,127.06486
37.41487385,127.1285702,37.414874,127.128639
37.50564551,126.7969021,37.505589,126.796972
37.50419304,126.7908989,37.504387,126.790847
37.44226142,127.1791366,37.442261,127.179145
37.4637419,127.1696253,37.463785,127.169624
37.44899824,127.1269436,37.448996,127.126824
37.26420602,127.0327123,37.264206,127.032714
37.27350561,127.0475447,37.273592,127.047586
37.30119344,126.9021616,37.301214,126.90217
37.30030255,126.8051888,37.300307,126.805194
37.34384203,126.7950334,37.34385,126.795033
37.67767629,126.7982904,37.677686,126.798296
36.99202335,127.1255234,36.991964,127.12555
37.65525146,126.7197013,37.655248,126.719711
37.91670036,127.0553823,37.916733,127.055487
37.12621157,127.0827939,37.126221,127.082789
37.89555454,127.0577832,37.895566,127.057707
37.63910759,126.7574997,37.639054,126.757412
37.02078363,127.242254,37.020782,127.242257
37.14502564,127.0781302,37.145027,127.078168
37.07916999,127.4344987,37.079172,127.434528
37.66508221,127.3715008,37.665094,127.371462
37.38384418,126.8666021,37.383836,126.866551
37.65614055,126.7245232,37.656075,126.724466
37.19326717,127.4425693,37.193278,127.442564
37.03349754,127.1398019,37.03349,127.139807
37.28989809,127.0985551,37.289902,127.098604
37.10196632,127.5143601,37.101958,127.514358
37.78400914,127.0671881,37.784021,127.067181
37.20465645,127.0813934,37.204679,127.081395
37.3458648,127.9427646,37.345866,127.94277
37.81785497,127.046019,37.817851,127.045945
37.36011976,127.9395029,37.360109,127.939483
38.20691975,128.5644051,38.206909,128.564367
37.79917441,126.9814084,37.799211,126.981414
37.33092937,127.9587565,37.330937,127.958788
37.33205277,127.9478264,37.332086,127.947862
37.34890854,127.938213,37.348857,127.938181
36.49989285,126.8186871,36.499761,126.818616
36.82573511,127.1409464,36.825735,127.140941
38.20800917,128.5846014,38.20781,128.584665
37.15893794,128.211456,37.158938,128.211432
36.3797141,126.6391927,36.379737,126.639194
37.13415619,128.2057973,37.134151,128.205783
36.8186485,127.1435807,36.818625,127.143602
36.87148139,127.6430925,36.871527,127.643069
36.59598575,127.4716935,36.595982,127.471691
36.62734983,127.4627775,36.627357,127.462809
35.87004558,127.1043666,35.870142,127.104372
35.83312315,127.1246288,35.833137,127.124616
35.88667839,126.9031592,35.886668,126.903151
35.98639472,127.2148316,35.986378,127.21486
35.95570507,126.9978729,35.955677,126.997906
35.96424289,126.9465709,35.964214,126.946578
35.977151,126.8902333,35.977135,126.89021
34.80445017,126.4282835,34.804444,126.428288
35.63793793,127.281104,35.637833,127.280882
36.60101601,126.5616834,36.601009,126.561696
34.48307763,126.6933326,34.482993,126.69337
36.13587149,128.3978382,36.135901,128.397806
36.47998747,128.6463375,36.479997,128.64634
36.12772768,128.3639066,36.127747,128.363904
34.8692644,126.4220603,34.869276,126.422084
36.11101133,128.3948441,36.111003,128.394844
35.03570818,126.7355634,35.03574,126.735563
34.78422489,126.4500434,34.784215,126.450016
34.79443574,126.7134152,34.794446,126.713426
35.02048711,126.5327018,35.0205,126.532694
37.51346103,126.9086075,37.513456,126.9086
33.45584795,126.5508896,33.455884,126.550867
35.0004873,128.0353661,35.000514,128.035377
36.65923436,128.1265493,36.659253,128.126588
36.56113271,128.191467,36.561143,128.191389
37.60414461,127.012226,37.604129,127.012208
37.50133021,127.1482467,37.501308,127.148263
36.55359343,129.0102817,36.553583,129.010259
37.6460744,127.0659267,37.646085,127.065922
33.33989494,126.3559129,33.339876,126.356057
37.43873827,126.6813172,37.438741,126.681281
35.13473077,126.899122,35.134766,126.899106
35.15995752,126.8557524,35.159959,126.855706
35.15168379,126.8511306,35.151699,126.851131
35.22402835,126.8390356,35.224032,126.839034
35.17557223,126.8900759,35.175589,126.890049
35.13953521,126.8836026,35.139616,126.883542
37.46393327,126.6897219,37.463928,126.689852
35.14023246,126.8314335,35.140169,126.831413
35.90092499,128.5861359,35.901005,128.586114
36.34287494,127.4082823,36.342922,127.408316
36.3160765,127.4177868,36.316076,127.417783
35.2114118,126.8428481,35.211412,126.842852
36.40645347,127.4236826,36.406467,127.423611
37.26805105,127.027866,37.268049,127.027872
35.15845465,126.7304579,35.158463,126.730428
37.31977144,126.9878296,37.319779,126.987899
37.23454793,126.9834635,37.234507,126.983434
36.35206018,127.3789863,36.352029,127.37906
36.32235952,127.4433089,36.322213,127.443208
37.24646512,127.064891,37.246453,127.064893
37.0791316,127.0566813,37.079152,127.056681
37.41431355,127.1286178,37.414314,127.128633
37.44228579,127.1793309,37.442292,127.179225
37.53204597,126.789078,37.532084,126.789089
37.26436139,127.0328008,37.264368,127.032768
37.25237513,127.0610577,37.25236,127.061083
36.97058362,127.1159667,36.970584,127.115968
37.4491057,127.1269879,37.449103,127.126821
37.44248666,126.846905,37.442479,126.847034
36.98322611,127.0799691,36.983224,127.079973
37.17403261,127.0596515,37.17403,127.059638
37.63904717,126.7574797,37.639023,126.757441
37.3015132,126.9017262,37.301475,126.901711
37.65807655,126.8952076,37.658027,126.895218
37.65547899,126.7198489,37.655484,126.719833
37.34014485,126.8147113,37.340157,126.81469
37.04648149,126.9680633,37.046482,126.968073
37.66301394,126.726708,37.662992,126.726712
37.33683133,126.8105541,37.336886,126.810452
36.81864735,127.1431951,36.818602,127.143197
37.81801605,127.0460499,37.81802,127.04595
36.82668943,127.1405382,36.82666,127.140553
37.79915258,126.9805453,37.79917,126.980539
36.65014263,127.5532433,36.650265,127.553227
37.36014422,127.9393387,37.360161,127.939312
37.38107068,127.2941379,37.381106,127.294197
37.34890848,127.9382279,37.348852,127.938193
37.89482594,127.3036114,37.894831,127.303553
37.34028867,127.938697,37.340305,127.93872
36.94459845,126.6828014,36.944538,126.682861
34.79896098,126.3913585,34.798836,126.391363
35.56911815,126.8565582,35.56909,126.856543
35.8223443,127.1427303,35.822335,127.14268
34.80616828,126.4237244,34.806159,126.42373
34.80390824,126.429057,34.803914,126.42907
35.80745943,126.9125316,35.807372,126.912571
34.94828431,127.502957,34.94824,127.50297
34.89695695,126.9956899,34.896955,126.995693
34.90396196,126.9954714,34.903985,126.995495
34.79454358,126.7134314,34.794547,126.713435
36.5993555,128.7006803,36.599356,128.700673
34.78606445,126.4490036,34.786064,126.449003
34.8694183,126.4219281,34.869431,126.421877
36.95597964,128.9934603,36.955966,128.993467
36.12773565,128.3640511,36.12776,128.364048
34.74633381,126.4150244,34.746343,126.415067
35.19777,129.0066935,35.197739,129.006634
37.60414467,127.012241,37.604123,127.012216
37.52470222,127.0523699,37.524743,127.052362
37.26702201,127.0273849,37.267006,127.027446
35.15795406,126.8648972,35.157899,126.864895
35.15835941,126.7304879,35.158353,126.73051
35.90068237,128.586587,35.901071,128.586478
36.32227589,127.4430142,36.322294,127.443026
35.15416517,126.8518169,35.154165,126.851719
37.30046098,126.9694661,37.300452,126.969569
35.15986194,126.8557241,35.159863,126.855703
35.17713963,126.8388677,35.177133,126.838865
37.3196522,126.9878304,37.319633,126.987823
37.24653487,127.0661655,37.246496,127.066171
37.04647523,126.9666689,37.046441,126.966668
37.4424508,126.8468904,37.442426,126.847026
37.33673386,126.8101965,37.336732,126.810257
37.34066897,126.8146169,37.340673,126.814512
37.26420584,127.0326675,37.264197,127.032711
37.05758145,127.0943949,37.058416,127.095299
37.27206181,127.0166592,37.272041,127.016591
37.29065641,127.0464622,37.290643,127.04648
37.44393062,127.1790547,37.443922,127.179069
37.65560564,126.7199487,37.655621,126.719903
37.34638992,127.9426482,37.346155,127.943065
34.80393032,126.4288543,34.803907,126.428869
37.19488916,128.5922488,37.194929,128.592244
36.93888174,127.9207195,36.938873,127.920701
37.06241786,127.1816208,37.062004,127.181805
37.65017571,126.7005077,37.65016,126.700496
37.6627705,126.7277406,37.66282,126.727765
37.28880124,127.0986207,37.288801,127.098621
34.81446055,126.6986404,34.814462,126.698663
36.95575687,128.9931588,36.955836,128.993099
37.60406188,127.0124064,37.604086,127.012437
37.4889201,126.6836561,37.488918,126.683651
34.86967407,126.4219284,34.869695,126.421986
37.47752166,126.6932069,37.477519,126.693204
36.65132933,128.0847158,36.651132,128.084906
36.59964166,128.7006848,36.599641,128.700655
34.78440398,126.449768,34.784448,126.449888
34.74619184,126.4151564,34.746184,126.415116
37.61440256,127.0109417,37.614416,127.010903
35.14003072,126.831624,35.140049,126.831558
35.21640406,126.8275023,35.216412,126.827501
36.3224784,127.4425129,36.322512,127.442536
35.15775093,126.8648334,35.157901,126.86484
35.15852585,126.7303992,35.158514,126.730448
36.35048992,127.3401631,36.350493,127.340135
35.14170511,126.8261703,35.141689,126.826163
35.15421312,126.8518601,35.154213,126.851719
37.30047311,126.9695108,37.300468,126.969571
35.17728078,126.8385034,35.177223,126.838483
37.34053816,126.8146778,37.340545,126.814504
37.44396602,127.17892,37.44389,127.179036
37.61719169,126.8482086,37.617238,126.848233
37.43410914,127.1285656,37.434126,127.128708
37.30178985,126.8611865,37.301821,126.861189
37.336747,126.8104055,37.336774,126.810356
37.53221928,126.7889711,37.532105,126.788973
37.48114246,126.7943873,37.481165,126.794317
37.27206224,127.0167637,37.272013,127.016604
37.26766649,127.0271223,37.26769,127.027132
36.65069198,127.5515416,36.65069,127.551541
37.81837757,127.0459909,37.818374,127.046008
37.96298744,127.6698742,37.96296,127.669839
36.93885446,127.9207867,36.938829,127.920732
37.66284243,126.7277999,37.662813,126.727786
37.69776409,126.7083455,37.697753,126.70838
36.8257101,127.1400681,36.825727,127.14007
36.65817698,127.5143332,36.658164,127.514205
37.06234611,127.1815467,37.061978,127.181711
37.3518685,127.9276866,37.351886,127.927686
34.81105926,126.4265861,34.811291,126.426427
35.78415737,126.9142282,35.784162,126.914245
36.83895389,127.1381105,36.839003,127.138113
36.69610904,126.7967389,36.696118,126.79674
35.58526903,126.8769447,35.585252,126.876971
36.94447124,126.682586,36.944407,126.682634
36.72303575,126.4026374,36.723223,126.402602
35.93028795,126.9467245,35.930204,126.946723
34.80924685,126.422584,34.809179,126.422441
36.26572222,126.8919046,36.26573,126.891904
36.00082255,128.8933722,36.000729,128.893297
36.59972558,128.7006417,36.599726,128.70065
34.81385305,126.6987765,34.813854,126.698792
36.25876086,128.4455826,36.259052,128.445746
36.65113816,128.0847884,36.651088,128.084836
34.74641782,126.4150811,34.746411,126.415046
34.80383604,126.4289857,34.803818,126.428998
34.90424705,126.9951801,34.904222,126.995154
34.80596896,126.4246593,34.805987,126.424698
35.98490491,129.2519281,35.985059,129.251776
37.51307041,127.0535384,37.513084,127.053534
35.15414021,126.8517648,35.15414,126.851719
35.91179582,128.324049,35.911803,128.324052
37.63553746,127.0282801,37.635537,127.028277
35.98705293,128.6972014,35.987032,128.697217
35.14157624,126.8265925,35.14156,126.826586
37.60460774,127.0116063,37.604623,127.011617
35.12688973,126.8471985,35.126895,126.847201
37.48995388,127.0311314,37.490008,127.031105
36.95560133,128.9932003,36.955808,128.993042
37.5217697,126.8010014,37.521741,126.800983
37.27624419,126.9374843,37.276751,126.937493
37.2720899,127.0166868,37.272065,127.016579
37.26745809,127.0272522,37.267641,127.027325
35.16234839,126.800596,35.162304,126.800596
36.29979021,127.3224877,36.299803,127.322517
37.26509511,127.0331156,37.265105,127.033074
36.32237087,127.4428057,36.322387,127.442817
35.17703734,126.8391932,35.177054,126.839199
36.349977,127.3401052,36.349977,127.340109
37.12932111,127.0930667,37.129292,127.093035
37.41619376,126.9853037,37.4162,126.985295
37.28904932,126.8721506,37.289035,126.872166
37.6626074,126.7276211,37.662568,126.727605
37.61687464,126.8490958,37.616934,126.849132
37.27604427,127.1150183,37.276023,127.115023
37.65263879,126.6332231,37.652609,126.633332
37.50388824,126.7876157,37.503916,126.787638
37.36916117,126.8747949,37.369159,126.874789
37.44240711,126.8468928,37.442384,126.847014
37.78715667,126.9909982,37.787121,126.990988
36.72267285,126.4020796,36.72269,126.401933
37.83980969,127.0054566,37.839792,127.00546
37.19243786,127.0675795,37.192444,127.067599
36.8257162,127.1406549,36.825753,127.140634
34.80927923,126.4224036,34.809267,126.422378
36.83894481,127.1390453,36.83898,127.139046
37.22990539,127.5653722,37.229889,127.565434
36.6501607,127.5531539,36.65024,127.553111
36.60972537,127.4244315,36.609733,127.42443
35.11283853,126.2966003,35.112877,126.2966
34.80556687,126.425055,34.805568,126.425059
37.45594221,127.0668923,37.455874,127.066928
34.810989,126.4266019,34.81086,126.42634
33.33100617,126.3546001,33.331003,126.354614
34.81140361,126.4172168,34.811511,126.417263
37.52478496,127.0520318,37.524848,127.052021
37.6351043,127.0279865,37.635109,127.028064
37.53420113,126.9457392,37.534305,126.94574
37.4834156,126.9019197,37.483365,126.902019
37.43956664,126.6764888,37.439586,126.676489
35.90084854,128.5861571,35.901004,128.586114
35.15574752,126.8627118,35.155806,126.862718
35.16186607,126.863408,35.161929,126.863411
35.15397233,126.851791,35.153972,126.851718
35.9863944,128.6976667,35.986289,128.697753
35.14757598,126.7985871,35.147437,126.798598
35.14169098,126.826147,35.141693,126.826148
35.19782359,129.0061189,35.197842,129.006165
35.17299515,126.8849315,35.172971,126.884931
35.21313162,126.8428188,35.213132,126.842857
36.28385789,127.3095009,36.283679,127.309785
35.17944644,126.806413,35.179627,126.806426
35.13872119,126.7923678,35.138746,126.792309
37.29805994,126.9732133,37.298246,126.973263
36.33260837,127.333199,36.332566,127.333103
37.26796919,127.0273197,37.268009,127.027166
37.24533112,127.0317532,37.24535,127.0317
36.37635647,127.3242649,36.376554,127.324145
35.16312948,126.801572,35.163122,126.801639
37.34068028,126.8145596,37.340682,126.814513
37.68113671,126.7485889,37.681125,126.748616
37.24560233,127.0505659,37.245593,127.050534
37.302319,126.8607034,37.302315,126.86091
37.05953612,127.0455134,37.058795,127.045496
37.28901257,126.8721024,37.289,126.872116
37.44144164,126.8467693,37.441441,126.846773
37.34363085,126.7954406,37.3437,126.795342
37.61714967,126.8483002,37.617099,126.848272
37.36818521,126.8746674,37.368158,126.874896
37.27659466,127.1151847,37.276601,127.115185
37.7870601,126.9915951,37.787013,126.991579
37.107952,127.2184813,37.10795,127.218434
37.82798298,127.1464689,37.828112,127.146357
37.82181933,127.0937826,37.821751,127.093728
37.41632406,126.9852124,37.41634,126.985191
37.62929912,127.2849894,37.629297,127.285013
37.83984393,127.0060985,37.83987,127.00609
36.65068475,127.5514844,36.650701,127.551489
37.39350708,127.2380968,37.393526,127.238105
34.90409184,126.9952627,34.904073,126.995243
36.60973417,127.4240904,36.609634,127.424176
36.82605943,127.1402532,36.825717,127.140214
36.81698987,127.1335295,36.817042,127.133544
36.96740881,127.4864572,36.967461,127.486486
34.81246481,126.4174051,34.812301,126.41733
36.61723562,127.5127824,36.617117,127.51246
34.80926568,126.42319,34.809096,126.423312
36.64917617,127.4663807,36.649295,127.466385
36.63826716,127.4601592,36.638249,127.460335
37.52403496,126.9034097,37.524063,126.903255
33.3309392,126.3545752,33.330935,126.354592
35.1603909,126.8870138,35.160486,126.886891
37.55839758,127.0343713,37.558603,127.034287
37.55474173,127.1427595,37.55473,127.14276
37.52880782,126.6763518,37.52879,126.676251
36.25876103,128.4455603,36.259059,128.445727
37.51555991,127.1309208,37.515629,127.130968
37.56277452,127.0324282,37.562793,127.032382
35.12120877,126.8602549,35.121212,126.860251
35.179997,126.8171053,35.17998,126.817104
35.15952737,126.8982252,35.159597,126.898264
35.21753067,126.8463423,35.217663,126.846343
37.26598919,127.0312661,37.265965,127.031256
36.34677903,127.4329276,36.346845,127.432893
35.20719066,126.8784775,35.207167,126.878588
37.27556361,126.9365306,37.275825,126.936018
37.26744047,127.0254183,37.267505,127.025157
37.25367336,127.0734487,37.253727,127.073356
35.17604329,126.8804681,35.175996,126.880547
37.38178884,127.1200697,37.381442,127.120452
37.40880868,127.1282067,37.40878,127.128002
38.02914278,127.0655903,38.02912,127.0655
37.37111467,127.104391,37.371115,127.10437
37.26276669,128.0333802,37.263054,128.033712
37.50287651,126.788014,37.502959,126.787994
37.44084465,126.8463901,37.440846,126.846386
37.28893628,126.872165,37.288932,126.87217
37.44303146,126.7769208,37.443008,126.776964
37.44494993,127.1445788,37.444806,127.144744
35.82426113,127.103618,35.824263,127.10382
35.81246384,127.1196306,35.81245,127.119629
34.80940963,126.4231793,34.809666,126.422992
35.96531676,126.7161683,35.965548,126.716164
36.77471259,127.074173,36.774831,127.074157
35.81719716,127.1181562,35.817197,127.11822
36.64919824,127.4647585,36.649333,127.464764
36.71938764,129.3511936,36.719328,129.351268
34.71840604,126.7096572,34.718411,126.709696
36.6388698,127.45917,36.638663,127.45924
37.56804519,127.0308726,37.567942,127.030904
37.55918667,126.9779233,37.558861,126.978402
37.48648724,126.9093188,37.486379,126.90937
37.6200793,127.0468782,37.619916,127.046509
37.54789453,127.0242134,37.547762,127.024205
37.48835747,126.9245521,37.488245,126.924587
37.52440884,126.9042059,37.524391,126.904326
37.5332908,127.0077933,37.533292,127.007794
37.61566635,127.0298818,37.615664,127.029839
37.59178637,127.0178794,37.591808,127.017943
37.5082902,127.1058915,37.508189,127.10601
35.15509664,126.8657727,35.155123,126.865717
37.50310821,127.035439,37.502927,127.035525
35.13303213,126.9113558,35.133033,126.911356
35.1530406,126.8840662,35.153005,126.884044
35.16213426,126.9057274,35.162071,126.905785
35.17924458,126.8915951,35.179089,126.89159
37.48830595,127.0315263,37.48828,127.03144
37.46756394,126.7070659,37.467388,126.707022
35.19078619,126.8930739,35.190897,126.892966
37.27941791,127.0376239,37.279419,127.037631
37.44037827,127.1467578,37.440413,127.14674
35.22025499,126.8424032,35.22015,126.842399
37.24670833,127.049849,37.24675,127.049491
37.37110147,127.103143,37.371102,127.103091
37.26980004,126.997795,37.26981,126.997799
35.19215753,126.8242531,35.192144,126.824028
36.33222957,127.333094,36.33229,127.333094
35.17946841,126.806314,35.179632,126.806326
35.17176577,126.9218386,35.171748,126.921874
36.98384646,126.9296395,36.983862,126.929597
37.10823466,127.2198421,37.107816,127.219611
37.21335326,127.031575,37.213338,127.031389
37.6121289,127.1716383,37.612156,127.171708
37.31675206,126.83328,37.316742,126.833279
37.01014849,127.4371939,37.010151,127.437213
37.04854974,127.0531643,37.048552,127.053205
37.33747978,127.2497894,37.33752,127.249811
37.28917183,126.8723887,37.289177,126.872385
37.22412125,126.9548586,37.224035,126.955127
37.41720535,127.2468404,37.41718,127.246859
37.86599612,127.7223869,37.865992,127.722397
36.63446831,127.4541481,36.634519,127.454143
33.49084859,126.5381165,33.49093,126.538237
36.6498594,127.4602047,36.649956,127.460205
36.8261937,127.1390772,36.826187,127.139232
36.62450087,127.4620855,36.624713,127.46215
37.38659937,127.2882995,37.386491,127.288153
33.46961018,126.5700336,33.469563,126.570215
33.48766336,126.4798546,33.48768,126.479836
33.49249089,126.4901596,33.492533,126.490218
35.69358058,128.470363,35.693635,128.470363
36.17066612,127.0530482,36.170667,127.053064
37.52691928,126.6221534,37.52696,126.622301
36.66093106,127.1302682,36.661013,127.130164
37.66280316,126.8313896,37.662824,126.831402
35.29291125,126.7740027,35.292908,126.773971
35.61153599,128.0165124,35.611614,128.016453
36.01090535,128.132589,36.01091,128.132559
35.5617258,129.3163086,35.561752,129.316325
36.56469897,128.738753,36.564781,128.738781
35.33005852,129.0441603,35.33006,129.044161
35.27610009,127.8346911,35.276089,127.834669
33.27653342,126.671152,33.276167,126.671272
35.19464465,128.0693471,35.194638,128.06935
35.04779845,126.8427599,35.04776,126.842763
34.8488022,127.4049821,34.848885,127.404809
36.78177485,126.4024705,36.781876,126.402404
35.2453551,129.2110114,35.24529,129.211006
35.10678535,128.922969,35.106779,128.923024
37.33204908,127.1272044,37.331651,127.127087
37.49791129,127.9763301,37.497892,127.976295
35.93055637,129.2389162,35.930551,129.238888
35.06491311,126.5212274,35.064958,126.521192
35.57207777,129.0992525,35.572013,129.09914
37.65799236,128.5178895,37.657825,128.518
35.34839931,126.5788609,35.348402,126.578848
38.06663458,127.0927208,38.066766,127.092773
37.24854315,126.8645473,37.24854,126.864589
35.45084046,127.1305815,35.450802,127.130634
35.0903323,128.8219665,35.09028,128.822031
35.25244881,126.9179283,35.252433,126.917907
38.14741257,128.2093805,38.14757,128.209148
35.7284275,126.7379693,35.728453,126.73802
34.7296591,128.6046878,34.729637,128.604629
36.39356547,127.4666141,36.393581,127.466519
35.42606875,129.3639616,35.429141,129.363266
37.57669525,129.0951925,37.576582,129.095202
36.36582601,127.4317671,36.365769,127.431463
37.0189694,127.0217802,37.019103,127.021796
35.26420816,127.1171299,35.264187,127.117124
36.87054465,127.1511084,36.8704,127.15115
34.83378846,126.6787634,34.833807,126.678756
35.84266778,128.4905076,35.842668,128.490361
36.99998642,127.8282764,36.999981,127.828149
37.58691012,127.0710661,37.586933,127.071101
36.90275604,126.6787895,36.902855,126.678821
35.14964095,128.8345782,35.149598,128.834579
36.58193269,127.511265,36.581926,127.511226
37.66708691,126.7737967,37.667069,126.773828
36.75463033,126.2987019,36.754609,126.298697
35.30362403,129.0008347,35.303625,129.000834
35.60599649,129.287076,35.606026,129.287032
36.04412186,128.8352562,36.044179,128.83524
34.7703626,127.7057409,34.770316,127.705702
35.92671437,129.198308,35.926849,129.198391
37.49871755,126.8570314,37.49871,126.857029
37.33158653,127.093004,37.331522,127.093108
37.99223941,128.0583372,37.992374,128.058198
37.28324222,126.8146013,37.283242,126.814701
37.04499557,129.4067812,37.044988,129.406709
37.47730603,128.7618609,37.477287,128.761876
34.48066103,126.2674599,34.48074,126.267433
37.40477079,127.5525037,37.404797,127.55249
37.53259273,127.1180906,37.532603,127.118078
37.79150134,126.7007489,37.79166,126.700779
36.67429752,126.2925926,36.67428,126.292629
37.30436555,127.0136639,37.304312,127.01373
36.8122234,127.4334015,36.812217,127.433364
35.84264816,127.0763873,35.842702,127.076263
38.0338721,127.9248577,38.033689,127.924936
35.21720582,128.9852863,35.217253,128.985315
35.83631265,128.8156765,35.836321,128.815689
34.87784074,126.6189568,34.877814,126.618997
36.90768781,127.9814267,36.907604,127.98153
36.08397166,129.3890282,36.083981,129.38903
35.49773121,129.4269448,35.497737,129.426947
35.9423391,126.6564472,35.942349,126.656449
35.10815199,129.0312574,35.10819,129.031205
37.01143212,127.2058643,37.011414,127.205907
37.75018169,127.0577617,37.750171,127.057652
37.59057919,127.2198925,37.590626,127.219962
35.56550754,129.1117256,35.565533,129.111759
35.31734966,129.2393062,35.317259,129.239602
37.20107919,126.8278438,37.201302,126.827619
35.80778332,128.5254597,35.807771,128.525429
37.60724956,127.1950657,37.607523,127.194584
36.58748897,128.1804659,36.587514,128.18046
33.34519381,126.4603186,33.3452,126.460378
35.21955263,129.0991597,35.219544,129.099126
35.15522604,128.8593974,35.155202,128.859274
36.56308061,129.2460971,36.563046,129.246064
37.01295965,127.2865765,37.013009,127.286501
37.18816694,126.6554769,37.188144,126.655455
35.99287001,126.708809,35.992872,126.708801
35.9127563,127.1087868,35.912755,127.108808
35.18156913,127.5370629,35.181583,127.537079
34.50730885,126.2861913,34.507315,126.286174
35.24078392,128.6250832,35.240718,128.625201
35.2398087,126.8975837,35.239786,126.897645
35.48137127,129.298028,35.48138,129.297936
37.59466028,127.064789,37.594641,127.06486
35.44680356,128.210171,35.4467,128.210404
35.71755345,126.9914518,35.717558,126.991405
35.59922135,128.4426258,35.600014,128.442079
36.56316582,126.5216765,36.56313,126.52225
36.46177086,127.7014985,36.46177,127.701499
34.86450782,128.5929491,34.864508,128.593129
36.79590763,126.8662111,36.795906,126.866176
35.18866266,128.8259316,35.186823,128.826155
35.99236904,129.2253475,35.992368,129.225365
34.56757984,126.5996406,34.567611,126.59968
35.53335119,129.0284459,35.532244,129.02842
33.25728163,126.5719998,33.257282,126.572046
37.67452663,127.1954417,37.674129,127.1951
36.32089617,127.3031483,36.320903,127.30315
36.55712007,126.9487036,36.557096,126.948685
34.90688742,127.8883591,34.906887,127.888359
35.54976322,128.1210031,35.549676,128.121081
34.48463233,126.2619358,34.484565,126.261898
36.78486336,127.5832899,36.78482,127.583239
37.69360984,126.8525802,37.693756,126.852582
37.27059953,127.1838469,37.270624,127.183873
34.89558745,127.3526192,34.89556,127.35259
34.72363287,127.9861997,34.723661,127.98618
34.7187176,126.1632342,34.718669,126.163146
36.16318406,127.1826079,36.163178,127.182613
35.24225273,128.54929,35.242347,128.549432
35.3371995,129.1701575,35.33721,129.17015
35.96790228,126.7408335,35.967886,126.740834
36.10603035,127.4874702,36.106041,127.487484
37.49429055,126.7404054,37.494136,126.740378
37.4774776,126.5204014,37.477528,126.520535
35.32393688,128.2705695,35.324008,128.270534
37.19103502,126.777036,37.191045,126.777039
37.28141523,127.4601318,37.281325,127.460222
36.49866849,126.7324414,36.498689,126.732438
35.41873991,127.6376285,35.418769,127.63767
34.83705549,127.8883822,34.837021,127.888398
33.54338402,126.659357,33.54388,126.65929
36.33767475,127.2986036,36.337642,127.298613
34.77083062,128.60232,34.77079,128.602329
34.68977189,126.4014269,34.69131,126.404196
34.91019684,127.2620303,34.910463,127.261996
35.3203584,127.4621179,35.320264,127.462171
35.13306997,129.0571556,35.132984,129.057171
36.4938642,126.7885951,36.493852,126.78876
36.50424898,128.9966503,36.504292,128.996807
37.57219548,126.921223,37.572096,126.921341
35.57425363,129.3038879,35.574236,129.303846
35.59934759,129.3628469,35.599342,129.362798
37.3100855,126.9436604,37.310108,126.943614
35.28054875,128.8652702,35.280499,128.865346
34.75259148,126.4562733,34.752545,126.4563
35.3067733,127.6247832,35.307424,127.624633
36.54232847,129.3968801,36.542325,129.396819
33.28366994,126.5669951,33.283739,126.566939
35.24691468,126.879302,35.246903,126.879372
38.11007707,127.0106157,38.110105,127.01061
37.69402944,127.8933136,37.694093,127.893313
36.12601418,128.1446209,36.125952,128.144233
36.23424603,128.8443388,36.234303,128.844414
35.55951105,129.2297303,35.559537,129.229664
36.61764857,128.4713931,36.617704,128.47132
37.51862054,126.9319445,37.518601,126.931912
36.85910521,126.760516,36.859145,126.760511
35.73044137,126.7508461,35.730408,126.750854
34.93147395,128.0958588,34.931438,128.095875
36.05884097,129.3745261,36.058835,129.374469
36.64516275,127.3261942,36.645136,127.326195
36.04782897,126.9340871,36.047893,126.934099
37.2440418,126.8654313,37.244717,126.865253
35.19111458,128.2206127,35.191211,128.220648
34.8482781,126.4924749,34.848287,126.492486
37.74157464,127.1955673,37.741574,127.195579
35.51474953,128.1519775,35.514838,128.152035
36.78434652,127.8722189,36.784377,127.87202
33.28712359,126.7449875,33.287145,126.745046
35.9939455,129.4054515,35.994007,129.405449
36.06729206,128.4048832,36.067268,128.404827
36.24131412,128.0947763,36.24134,128.094888
37.24608919,128.8209496,37.245744,128.82096
35.98342833,129.3271478,35.98348,129.327185
35.43642047,127.9758441,35.436516,127.975886
36.45154114,127.0346545,36.451496,127.034705
37.67796269,127.4847898,37.677963,127.484808
37.93987063,128.4960919,37.939844,128.496138
37.40243496,127.7403846,37.402491,127.740401
36.6430169,127.3126721,36.64302,127.312644
37.19606807,126.6456408,37.196041,126.645645
35.98844688,128.9524646,35.988395,128.952473
34.77122689,127.8898764,34.771227,127.889882
35.29864227,127.9210986,35.298637,127.921093
37.54368822,126.8900945,37.543721,126.890122
33.51203497,126.5906009,33.512766,126.591575
35.84112966,128.7048845,35.841084,128.705061
35.665237,127.5941159,35.665227,127.594075
36.57820766,129.1347869,36.578188,129.134832
37.04402983,127.2540351,37.043908,127.254588
36.14552508,128.4178234,36.145496,128.417833
33.29890901,126.2941959,33.298889,126.294105
37.06687694,126.8459845,37.066863,126.845956
35.9258778,127.0943203,35.925878,127.094324
37.49243809,126.8717328,37.492545,126.871885
37.59610144,127.0671612,37.596102,127.067159
35.49793404,129.1113778,35.497865,129.111376
36.93850106,129.255628,36.938584,129.25559
36.86506469,127.2759062,36.86436,127.276524
37.70645284,128.0343181,37.70632,128.03446
36.65157065,127.6466273,36.651608,127.646689
37.26403392,126.6980017,37.263183,126.697942
34.86093691,127.438945,34.860984,127.438884
36.33001758,129.3778476,36.330041,129.377763
37.45200618,127.0080165,37.452074,127.007983
37.86324607,126.9732476,37.863183,126.973309
37.55862458,129.1150079,37.558683,129.114976
35.0924336,129.0199852,35.092432,129.019981
37.38091008,126.9391967,37.380888,126.93928
36.52191259,129.2128916,36.521933,129.21288
35.56573272,126.8258527,35.56574,126.825828
35.52637209,127.7288501,35.526397,127.7288
35.22739304,128.6965963,35.227428,128.696603
35.31009221,127.9865721,35.310048,127.986542
35.08940203,126.1038831,35.089385,126.103979
34.87912835,127.8402343,34.879133,127.840236
35.98751589,126.9646177,35.987036,126.964797
36.39462592,127.3136456,36.394641,127.31368
37.70373016,126.8971417,37.703732,126.897192
37.32654323,126.7594037,37.326508,126.759434
36.18184606,127.0699246,36.181834,127.069935
35.48203418,128.7544713,35.482068,128.754516
34.62858167,126.1690855,34.628607,126.169101
34.85643735,126.2645709,34.856426,126.264542
37.43094188,127.306116,37.4309,127.306123
36.7822988,127.1633123,36.782306,127.163311
36.90287491,126.6847569,36.902875,126.684766
35.18835308,128.7071603,35.188429,128.707042
35.91996074,127.1250414,35.91996,127.124987
36.43866068,126.7950069,36.438636,126.795158
34.89484103,127.8805603,34.894876,127.880634
36.48551208,126.3882718,36.48551,126.388371
35.931841,128.8196874,35.93185,128.819581
35.64372548,129.3493345,35.643746,129.349352
35.11980747,126.8823093,35.119783,126.882311
34.81567939,127.7674554,34.815679,127.767456
35.74262052,127.5855209,35.742598,127.585593
37.04933746,127.7555924,37.048729,127.75554
37.35250739,126.7429617,37.352506,126.742962
36.92010463,126.7375204,36.920043,126.737552
35.57286503,127.9122056,35.572771,127.912216
36.69087898,127.4756626,36.69087,127.475671
34.74736702,127.6764257,34.747381,127.676444
35.09278491,128.3004847,35.092732,128.300523
37.37739244,126.9733137,37.377897,126.972328
36.14739184,128.347661,36.147396,128.347673
35.13821897,128.8533336,35.13823,128.853339
36.07137047,128.2637684,36.07136,128.263784
37.4452964,128.6654893,37.445283,128.665397
35.13188967,128.916221,35.13183,128.916112
36.30779985,127.4568406,36.307864,127.456936
36.16624202,128.7490599,36.166242,128.750625
37.16409713,127.3733153,37.164132,127.373328
35.64655459,129.0379223,35.646516,129.037904
36.59323204,127.7269331,36.593265,127.726973
35.63527711,127.538489,35.635265,127.538538
37.14017428,129.0336361,37.140155,129.033707
37.62298469,126.8057239,37.622996,126.805679
37.09904988,129.0194818,37.099024,129.019524
37.37847864,127.4620978,37.378362,127.462055
35.76843525,127.039064,35.768443,127.038975
34.54647291,127.2478875,34.546455,127.247988
35.12962169,126.7537468,35.129535,126.753758
37.97095635,128.7624632,37.970909,128.762519
35.79647402,126.8778192,35.796548,126.877935
36.54216362,129.3900351,36.542172,129.390176
37.28270462,127.2197619,37.28311,127.220222
37.51957943,129.1143486,37.519609,129.114432
35.15223153,128.8444801,35.152415,128.844526
35.20222978,128.5736001,35.202204,128.573551
35.85339865,129.2140823,35.853429,129.214107
35.22775495,126.4487576,35.227743,126.448719
36.61363086,128.1780329,36.613602,128.177966
36.30694642,127.3476018,36.307003,127.347579
37.86111336,127.0779549,37.860685,127.076218
34.66057928,126.9573324,34.66064,126.957388
36.49913966,126.3788625,36.499216,126.37891
35.88475833,128.1659366,35.884736,128.165958
36.75520516,126.7250539,36.755183,126.724459
35.57603675,129.1681623,35.57603675,129.1681623
37.54182457,129.0080722,37.541849,129.00809
35.5187462,128.1155132,35.518603,128.115791
36.29442904,126.9218684,36.294472,126.921776
35.93997067,126.9753115,35.939956,126.975249
35.91781185,128.6198507,35.917652,128.620011
37.41448466,126.7663471,37.414485,126.766326
37.23797277,127.282024,37.238365,127.283272
36.02305532,128.3897596,36.023103,128.389738
37.5625483,128.371957,37.562508,128.371965
37.46347814,126.6334097,37.463546,126.633451
37.32522559,126.9114625,37.326058,126.911276
35.55125494,129.2921447,35.551275,129.292097
36.02947647,127.6718126,36.029448,127.671764
36.713032,127.4329899,36.713127,127.432979
37.411006,126.9049713,37.411088,126.904937
35.14988194,128.110507,35.150004,128.110417
37.63922924,126.4890953,37.6392,126.489103
35.03613476,128.1159961,35.036131,128.115993
35.97314703,128.9507144,35.973135,128.950696
35.33120668,128.7018507,35.33125,128.701894
35.69297003,127.0689523,35.692912,127.068956
36.94965431,127.0407654,36.949721,127.040709
37.72309481,126.6912362,37.723061,126.691163
35.54418425,127.5397396,35.544167,127.539717
35.00205178,127.6022877,35.001901,127.602619
36.48295411,127.7212323,36.482939,127.721235
35.21825529,126.9479072,35.218261,126.947927
35.84186178,127.4042984,35.841873,127.404284
37.52837737,127.1081107,37.528395,127.108081
35.30048399,129.2580661,35.300453,129.257929
36.78316399,126.9430926,36.783646,126.943508
35.79525351,127.3433799,35.795253,127.343379
35.3580651,129.0439686,35.358098,129.043983
35.0623392,127.5638076,35.062323,127.563767
36.07879034,129.0263085,36.078804,129.026298
36.11658722,128.1207915,36.116584,128.120789
37.67164972,126.4898105,37.671603,126.489823
33.48187164,126.4561256,33.481848,126.45609
34.74012563,126.9888167,34.740192,126.988754
34.74206624,126.1005195,34.742093,126.100535
37.82063628,128.8817701,37.82062,128.881771
35.41826754,127.8694561,35.418286,127.869556
35.24353506,127.1175909,35.243529,127.117533
34.52496428,127.4095963,34.525053,127.409574
35.10417126,129.0402361,35.104273,129.040317
37.39877834,126.8348808,37.398831,126.83484
34.91086188,127.636942,34.910862,127.636915
35.16169221,129.160289,35.16171,129.160321
35.03211427,126.8564398,35.032123,126.856503
37.50065104,127.4773707,37.500517,127.477226
35.972359,129.4034842,35.97236,129.403509
34.83956768,126.1163112,34.839622,126.116291
35.06148031,129.0793697,35.061378,129.079425
35.40289277,128.5144241,35.402979,128.514469
35.96449719,129.4254181,35.964562,129.425348
35.95064914,128.8221848,35.950743,128.82227
34.9890921,128.0554606,34.989132,128.055548
35.84846251,128.7848194,35.848527,128.784968
36.96790761,127.5375441,36.967946,127.537544
35.25602474,128.6380105,35.256048,128.638052
36.27577276,127.4033178,36.275776,127.403318
35.1713891,128.6940166,35.171417,128.694122
35.19139415,127.8384545,35.191385,127.838434
35.87314359,127.0640034,35.873048,127.063933
35.31191987,127.4366396,35.311932,127.436634
35.07680856,128.0995616,35.076903,128.099735
34.63846673,126.9625824,34.638383,126.962599
36.05817472,128.3000723,36.058136,128.300043
35.6992634,127.5823979,35.699244,127.582384
35.56296845,129.2653526,35.562964,129.26535
36.76926518,126.7850124,36.769229,126.78505
35.29188466,128.7908723,35.291978,128.790875
36.46031277,127.1261729,36.460296,127.126275
37.33525734,127.1040923,37.335257,127.104041
36.63955585,126.7826019,36.639557,126.782591
35.22045334,128.9417972,35.219993,128.941527
35.56189186,128.5614436,35.561995,128.561519
35.80908462,128.5201698,35.809186,128.520178
37.80637251,128.0433246,37.806392,128.043306
37.57976267,126.9363861,37.579684,126.936356
35.44591697,126.6705529,35.445952,126.670551
34.99174104,127.6693462,34.991726,127.669325
38.14761143,128.1165567,38.147524,128.116499
34.56965655,126.5904766,34.569726,126.590589
35.31916523,129.0635594,35.319193,129.063595
36.41162544,128.1554027,36.411625,128.15541
36.51009594,127.425855,36.510169,127.425864
35.24636567,128.9057865,35.246455,128.905785
37.46758658,130.8720659,37.466032,130.87331
36.57734906,128.6055659,36.577336,128.605636
35.9236735,128.6430738,35.923758,128.643071
35.91870875,128.0793956,35.918704,128.079397
35.8432693,128.1763918,35.843295,128.176421
36.05142444,129.3697745,36.051423,129.369746
36.17035976,126.6866294,36.170318,126.686537
35.54158966,128.7616878,35.541581,128.761659
35.86433102,128.1662835,35.864361,128.1663
35.99464533,129.1786455,35.994639,129.178654
37.67092631,127.3021128,37.670952,127.302337
37.71655166,127.4590267,37.716631,127.459143
37.33138357,127.1192927,37.331517,127.119247
34.96232348,127.7184349,34.962336,127.718409
34.80317958,128.3926866,34.80322,128.392703
36.12322007,128.1842631,36.123224,128.184208
35.22035702,126.7339242,35.220361,126.733901
34.82753813,126.4532444,34.827434,126.453348
37.52382381,126.5220202,37.52394,126.522065
34.90996293,127.6704564,34.909829,127.670539
37.40086104,127.7248004,37.40083,127.724799
36.80986347,126.9987927,36.809895,126.998973
35.9946495,129.4142003,35.994527,129.414146
35.22394724,129.0074344,35.223991,129.007466
35.86680783,128.5388768,35.866808,128.538878
38.5612924,128.4000748,38.561318,128.40011
35.20064975,126.784911,35.200748,126.785099
36.99789854,127.5690811,36.997876,127.569098
36.82623175,129.4440636,36.826178,129.444029
37.55105619,126.6830308,37.551058,126.682964
35.5576744,129.3170429,35.557634,129.316992
35.90281135,129.0485488,35.902866,129.04854
37.29603469,127.9081873,37.296068,127.908169
36.90144964,127.134031,36.901513,127.13397
35.48773742,127.6152571,35.487712,127.615282
37.24380753,127.4814408,37.243815,127.481493
35.30880657,128.7360513,35.308809,128.736019
36.32200952,126.917248,36.321969,126.917128
35.92666554,128.9358179,35.926672,128.935838
37.39463954,129.1014915,37.394648,129.101538
37.64598584,127.0074923,37.646058,127.007435
36.99891988,128.1682556,36.998909,128.16828
35.4915501,128.3296124,35.491741,128.329253
35.08467899,128.1955751,35.08476,128.19567
35.51732333,126.7069233,35.517408,126.706824
36.7312386,128.1128159,36.731318,128.112812
35.10435422,127.6921187,35.104383,127.692062
37.53115625,127.2880287,37.531168,127.288108
37.46674649,126.8216842,37.466781,126.821767
35.34073447,128.6554009,35.340768,128.655308
35.61600689,126.6953568,35.616005,126.69537
35.34350205,129.2466323,35.343393,129.246525
36.76360751,127.1244206,36.763565,127.124412
37.92699899,127.0273259,37.927085,127.027169
37.77927349,126.7732435,37.779268,126.773262
36.0361964,128.9219389,36.036234,128.921987
36.76281338,126.8098562,36.762905,126.809916
37.29638127,128.4884647,37.296631,128.488852
37.9920631,126.9841627,37.992009,126.984153
35.41201614,129.2797329,35.412024,129.279744
37.38195068,126.7314488,37.38197,126.731459
37.69687222,127.0470227,37.696933,127.047237
35.68110454,127.4904598,35.681109,127.490458
35.37913303,129.0719236,35.382035,129.072649
37.75691015,126.5265941,37.756897,126.526594
35.11247846,128.9182432,35.112628,128.919351
37.5799288,126.5820569,37.579831,126.582152
37.73721892,126.7284303,37.737166,126.728313
35.14632891,128.9888115,35.146346,128.988712
37.06862608,127.8949004,37.068658,127.894903
36.87824388,127.1591392,36.877866,127.159178
37.31707505,127.4936047,37.317049,127.492166
35.93776391,128.8251501,35.937678,128.825139
37.91938577,128.5005928,37.919051,128.500936
35.12488339,127.2672097,35.124839,127.267178
36.77238065,128.7353761,36.772357,128.735409
36.20501324,126.5601506,36.204952,126.560158
34.96658137,128.3063236,34.966636,128.306336
36.5867008,127.729695,36.586713,127.729724
37.41548804,129.0799719,37.415507,129.079988
37.36389676,127.1507511,37.363891,127.15077
36.96595363,127.930738,36.965956,127.93077
35.28403176,127.2937081,35.284074,127.293683
36.78287697,126.944276,36.782264,126.944995
36.1648545,127.2300103,36.164716,127.230129
34.5656437,126.5926592,34.565752,126.592512
37.28083772,127.4460511,37.280915,127.446066
35.50494202,128.1984676,35.507567,128.194389
34.78794353,127.0958306,34.787692,127.095808
35.07420435,129.0733619,35.074205,129.073458
35.36016619,129.322893,35.359756,129.321689
35.08799998,129.0067645,35.088071,129.006758
36.96871529,126.8704711,36.96868,126.870443
36.36053722,127.2804094,36.360679,127.280402
36.04458976,126.8780471,36.044592,126.878113
34.74550237,127.7294054,34.745487,127.729318
37.62013716,128.4425637,37.62015,128.442526
36.62253328,128.5553728,36.622533,128.555374
34.40670016,126.192109,34.406682,126.192149
37.68924786,126.9257595,37.689233,126.925658
34.98333469,126.17398,34.983362,126.173852
35.21064585,128.6555479,35.211087,128.655928
34.9155595,128.3571563,34.915502,128.358854
33.50827752,126.5870281,33.508241,126.587042
35.19646099,128.7080289,35.196415,128.708025
35.41490424,129.1471131,35.414867,129.147106
37.80893947,126.7152272,37.808841,126.715284
36.88960934,126.9481,36.889448,126.948069
36.16520109,126.5519035,36.165175,126.551932
37.44065228,126.8735282,37.441872,126.876592
35.13420385,127.5416066,35.134229,127.541663
35.33209604,129.2572062,35.332102,129.25713
36.63523989,127.3320867,36.6352,127.332217
36.25070715,127.3740168,36.250721,127.374125
35.55744515,126.6982409,35.557434,126.698122
36.98550019,127.1802653,36.985367,127.180178
36.20152423,128.8013472,36.201471,128.801396
37.41930432,127.9026221,37.419292,127.902606
35.43165665,129.1781174,35.431693,129.17824
36.75572176,126.3275589,36.75569,126.327575
36.77855643,128.6481352,36.778471,128.648069
37.40817386,126.7225344,37.408178,126.722477
35.55362032,129.3086317,35.553537,129.308661
34.53187528,126.2400884,34.531815,126.240082
35.92997888,128.4554153,35.929805,128.45551
38.12188317,128.6300308,38.121691,128.630507
35.92872603,127.1603645,35.928728,127.160368
33.50334144,126.5085545,33.503279,126.508535
36.31787837,128.1150233,36.317859,128.115071
37.27617261,127.4707822,37.276252,127.470632
35.215798,128.580413,35.215785,128.580399
36.5596986,128.6454325,36.559685,128.645531
35.3008182,128.6490256,35.300733,128.649356
35.66300967,126.9310154,35.663002,126.931021
36.71936321,127.5988883,36.718937,127.598387
37.86549914,127.012325,37.865434,127.012451
35.15719323,128.6806156,35.157248,128.68059
35.19816493,127.8610327,35.198249,127.861021
37.28439921,127.6312474,37.284397,127.631214
35.46403424,127.927646,35.463983,127.927636
35.20517219,128.8108302,35.205156,128.810982
37.29728075,127.4213006,37.297225,127.421418
37.14902717,126.8916764,37.149009,126.892049
36.90869016,128.0033673,36.908673,128.003348
35.23298137,128.5566269,35.232631,128.556555
36.77183219,128.6703043,36.771867,128.670345
36.8825516,127.726088,36.882547,127.726102
35.70122386,127.8931776,35.701216,127.893207
34.66317324,127.7930611,34.663153,127.793001
38.1834936,127.6652016,38.183516,127.665291
36.83677894,126.4611756,36.836751,126.461197
37.46305538,127.0380294,37.463053,127.038109
37.18078784,126.6784229,37.180789,126.678515
35.81097249,127.6347718,35.810996,127.634804
35.02384387,128.3653382,35.023852,128.365373
35.34313457,126.8639552,35.343124,126.863926
37.49515959,127.1264412,37.495159,127.12642
35.18217646,127.8855516,35.182149,127.885368
37.4767295,126.9763961,37.476608,126.976417
37.41150439,127.0882612,37.411365,127.088044
37.39208505,126.6542381,37.392038,126.654311
37.02235759,126.5243245,37.022868,126.523125
37.41976475,126.6503877,37.419756,126.650392
36.30731839,128.6032964,36.307355,128.60331
35.24747059,126.6547704,35.247477,126.654709
38.38640779,128.4313797,38.386364,128.431346
37.82292754,127.5135718,37.822918,127.513669
35.15599205,128.5754409,35.155995,128.575427
37.44994357,128.4513381,37.449858,128.451271
37.50839086,126.8761286,37.50841,126.87609
35.60995974,128.0136468,35.609914,128.013483
37.60392887,126.8707647,37.603978,126.870725
36.79816401,128.6834103,36.798159,128.683409
37.79077414,126.6975244,37.790768,126.697529
37.26562351,126.9031888,37.265671,126.90329
35.1870303,128.2220868,35.187028,128.222086
35.1532871,129.0483786,35.153289,129.048372
36.81073666,127.1035273,36.810689,127.103511
34.73389543,127.7131882,34.733875,127.713235
37.45577304,126.8715559,37.455825,126.87138
35.41227145,126.8525516,35.411872,126.852065
35.49240925,129.4256002,35.492393,129.425693
35.10231502,126.7549172,35.102397,126.755039
35.57746796,129.0993482,35.577388,129.099408
35.67363764,129.3117294,35.673643,129.311768
36.02576126,129.3254588,36.025766,129.325498
37.55410921,126.7497279,37.554157,126.749609
37.07831136,127.1573823,37.078395,127.157448
35.63112387,127.7878564,35.631186,127.787825
36.59047731,128.4732625,36.590223,128.473333
38.09981315,127.0783933,38.099773,127.078386
35.630542,129.1577939,35.63054,129.157802
36.7757432,127.6364556,36.775464,127.636471
35.52623102,126.7731822,35.526226,126.773129
35.22256465,128.9460435,35.222502,128.946061
37.34929087,127.7151497,37.349255,127.715081
37.53734434,126.8372221,37.537244,126.837291
36.5994178,127.3357776,36.599464,127.335717
36.79151754,128.4574489,36.79159,128.457301
36.98872304,127.4676554,36.988763,127.467632
36.82085211,126.186091,36.820883,126.185993
35.58869654,129.0923069,35.588663,129.092264
36.47404531,127.3782735,36.47398,127.37828
37.53797547,129.1083384,37.537977,129.108423
36.57085267,128.1330583,36.570805,128.13313
35.31691771,126.779381,35.316915,126.779359
34.89911843,128.5013327,34.899106,128.501328
36.48671638,127.178908,36.486883,127.178882
37.75844093,128.8841821,37.758441,128.884186
35.96550335,129.3393912,35.965603,129.339323
35.81816075,128.7207264,35.818241,128.720819
35.96664487,129.1719138,35.96662,129.171795
35.40633714,127.3747801,35.406335,127.374821
36.06922956,128.7653761,36.069211,128.765339
37.40830015,126.7553649,37.408506,126.755068
34.71883525,126.5762737,34.71877,126.576255
36.7916851,129.4123305,36.791648,129.412391
36.0988351,129.4101839,36.098884,129.410067
36.01525622,126.7080119,36.015196,126.708005
33.34828157,126.8250532,33.348285,126.825066
37.699306,126.8300445,37.699404,126.830158
35.90054412,128.9617705,35.900455,128.961761
35.89334156,127.0481543,35.893368,127.048012
36.61988458,128.3208193,36.619887,128.320803
36.55914844,128.6918087,36.559157,128.691862
34.81102172,127.2428683,34.81104,127.242898
37.73668228,127.0660559,37.736766,127.066007
37.84948165,126.9653173,37.849444,126.965323
37.44123293,126.6387592,37.440818,126.638203
37.5811198,128.5558685,37.58105,128.55573
35.09510145,128.9622813,35.095094,128.962253
35.26277607,126.8850531,35.262764,126.885082
35.28906692,126.5774739,35.289058,126.577578
37.22542494,126.6339459,37.225421,126.633928
37.61419705,127.100138,37.614122,127.100109
36.76844385,127.2323971,36.768535,127.232464
36.8277636,127.4065242,36.827426,127.40685
35.42782907,127.1480029,35.427827,127.147988
36.36666111,127.2534386,36.366739,127.253349
36.06052097,129.3254355,36.062016,129.32615
36.04764382,128.3394214,36.047477,128.339339
37.31226771,126.7789097,37.312221,126.778888
35.8573277,128.4923782,35.85733,128.492188
37.3411011,127.5255484,37.341156,127.525629
35.78746559,126.5267894,35.78746559,126.5267894
35.63319078,127.4791043,35.6332,127.479225
35.21917624,128.5722818,35.21918,128.572231
37.42113031,126.647758,37.421162,126.647771
35.8316441,128.7002068,35.831503,128.699948
35.87120918,127.6418078,35.871126,127.641806
35.80654104,128.754637,35.806532,128.754636
37.89797115,127.0833059,37.897921,127.083282
37.50072954,126.4912353,37.500753,126.491205
37.23445255,127.2087788,37.234453,127.208779
37.0148709,127.4967935,37.014908,127.496739
37.64982682,127.1907698,37.649814,127.190766
35.23899717,126.9436372,35.238983,126.94367
36.7357534,127.254658,36.735658,127.254576
37.49013303,126.8169498,37.490008,126.816589
35.31846073,128.9978327,35.318443,128.99781
35.85718892,128.5241926,35.857221,128.524063
37.27263545,127.072752,37.272612,127.072733
36.04709693,128.3697534,36.047101,128.369694
37.66427807,126.6108691,37.664177,126.610739
34.74700419,126.3664281,34.745611,126.365567
36.59868904,127.8382,36.598685,127.838199
37.31484166,126.9388982,37.314929,126.938793
35.02183321,126.408467,35.021744,126.408442
35.55080804,126.7597038,35.550854,126.759659
38.12179394,127.086225,38.121445,127.085712
35.18890044,128.5599545,35.188894,128.559952
34.84492533,127.381147,34.844943,127.381157
34.84631873,126.8804519,34.846311,126.880512
37.80725807,128.8532691,37.80723,128.853268
37.12828216,127.6511731,37.128319,127.651174
37.7301804,126.7411429,37.730211,126.74114
36.41444725,129.3698707,36.414374,129.369868
37.54818712,126.8884143,37.548077,126.888314
35.57149198,128.1681709,35.571533,128.167933
37.37631334,126.6738666,37.376295,126.673851
36.78205185,126.9696541,36.782025,126.969676
35.22098633,128.9848175,35.220962,128.984895
37.32741903,126.9387804,37.327352,126.93865
35.99323495,129.2268149,35.993237,129.226789
37.76855152,127.1185252,37.768524,127.118818
35.17667084,128.8207609,35.176678,128.820842
35.81706746,129.4097433,35.817114,129.409813
38.44535467,128.4546972,38.445332,128.454688
37.01057643,126.9942483,37.010589,126.994126
35.30173099,127.9734436,35.301771,127.97345
35.62582288,129.3511634,35.625758,129.351119
35.92727904,128.9152334,35.927238,128.915237
35.34059364,129.2540796,35.340535,129.254083
34.83847489,128.6510154,34.83846,128.651163
36.98338218,127.8404353,36.981931,127.842372
37.07310293,127.4921722,37.07342,127.49229
37.75899816,127.8825901,37.758997,127.882633
37.34186211,126.754278,37.341882,126.754246
36.4467713,127.3511759,36.44677,127.351177
34.96046576,127.5226581,34.960467,127.522634
34.88931772,128.651474,34.888987,128.651631
35.98366031,129.3816347,35.983619,129.381787
36.59652883,127.7254722,36.596549,127.725563
36.45234356,126.5873066,36.452352,126.587288
36.87316864,126.7530169,36.873059,126.752623
35.24025825,126.8601808,35.240295,126.86016
34.89150129,127.6113845,34.891608,127.611282
36.14268294,128.3112725,36.142647,128.311269
37.74940203,126.5753683,37.749762,126.575375
37.59610156,127.0638072,37.596104,127.063808
33.45850661,126.9157361,33.458501,126.915714
35.26534213,128.9943092,35.265358,128.99431
35.92543716,128.5784129,35.9232,128.57799
35.74715619,129.1422725,35.7471,129.142254
35.18932418,128.5653124,35.189402,128.565472
36.15826956,126.7590928,36.158258,126.759032
37.63078151,127.1209958,37.630819,127.12102
37.51593026,127.1631253,37.515946,127.163124
35.43797301,127.8264437,35.438028,127.826424
36.38025847,128.179493,36.380275,128.179539
37.0149158,127.0904394,37.014883,127.090439
35.16332054,126.9620065,35.163328,126.962048
36.28561623,129.3696939,36.285585,129.369584
35.41489454,127.5189822,35.414898,127.518968
36.37084196,127.3792629,36.370938,127.379232
35.03959222,127.6499234,35.039423,127.650179
36.78116774,127.0170561,36.781165,127.017045
37.83312188,128.3725271,37.833175,128.372519
35.97663537,126.7467724,35.976599,126.746816
35.280225,128.4139016,35.28024,128.413899
34.95918321,126.3392652,34.959362,126.338856
37.38265843,126.6297687,37.382762,126.629881
36.28557351,128.09311,36.285577,128.093111
36.67888325,126.3374728,36.678164,126.337327
36.34284794,126.5640817,36.342846,126.564078
35.73501504,128.4675121,35.734456,128.467348
36.78195975,128.4371936,36.782265,128.436768
35.82253289,128.720618,35.822501,128.720503
37.76384636,128.9046327,37.76379,128.904708
35.51894109,127.7206574,35.518941,127.720658
37.19581634,126.9980494,37.195735,126.997987
37.07312427,127.4107443,37.073175,127.410764
35.10455873,128.1175392,35.104587,128.117562
36.71977118,128.4665127,36.719696,128.466653
36.18766436,128.6722218,36.187689,128.672279
37.43644177,126.6488703,37.436442,126.64887
37.0386354,127.0740918,37.038635,127.074045
37.65327569,127.3405909,37.653193,127.340628
37.44905754,127.670844,37.449056,127.670925
37.3002304,126.7390553,37.300275,126.739182
36.27784595,127.4292327,36.278319,127.429244
35.22134282,128.9568142,35.221834,128.956545
35.46040871,127.043653,35.460212,127.048896
34.9631097,127.8321808,34.963096,127.831977
35.13077288,127.2534829,35.130772,127.253494
37.5501322,127.3222958,37.550128,127.322299
36.89469394,127.5255177,36.894778,127.525438
37.53992952,127.2111965,37.53987,127.211282
36.2340584,128.5865489,36.234099,128.586611
37.58014964,126.8764871,37.580089,126.876404
37.19631585,126.8318507,37.196369,126.831827
35.86859469,128.8217505,35.868594,128.821822
35.38934333,128.1210424,35.389326,128.120754
35.519364,128.1785161,35.5194,128.178488
35.84848661,129.2297547,35.848468,129.229775
35.24227948,126.8612347,35.242279,126.861228
36.95358101,127.396199,36.953581,127.396196
35.81545655,128.764436,35.81547,128.764356
35.22161886,128.968194,35.221648,128.968195
35.03625075,128.205567,35.036134,128.205473
36.44633811,128.7125337,36.446336,128.712513
35.77734474,128.2268935,35.77728,128.226993
36.78203114,126.4483412,36.782028,126.448353
35.35522894,129.0363231,35.355197,129.036397
33.29698621,126.6319717,33.296799,126.631955
34.95472236,128.0332722,34.954749,128.033315
36.11677349,128.6269143,36.116723,128.626891
34.86440622,128.4289351,34.864905,128.427648
36.05914018,129.3069167,36.05924,129.306904
36.84544511,127.0145287,36.845614,127.014567
36.90863637,127.1206645,36.908634,127.120667
38.12520284,127.9972214,38.125262,127.9971
35.21567899,129.1197573,35.215699,129.119842
37.20946359,126.9210494,37.209197,126.921014
34.70503179,126.3905664,34.704814,126.390483
36.0781643,127.8417838,36.078165,127.841794
34.95862542,127.5372213,34.9587,127.537311
36.06460688,128.4046358,36.064662,128.404599
34.60129016,126.0423176,34.601315,126.042332
35.66392999,129.1715596,35.663956,129.171613
35.19026724,128.2226222,35.190262,128.222725
35.16132919,129.1638181,35.161331,129.163823
35.31441935,128.9620864,35.314246,128.961973
35.38316553,129.1481822,35.383166,129.148024
35.26689314,128.6210435,35.266892,128.621003
37.32961641,128.5281044,37.329438,128.528299
34.66174531,125.4335327,34.661796,125.433546
36.96208883,126.848096,36.962545,126.847956
35.19495492,128.8922145,35.19496,128.892218
36.99170694,127.6009707,36.991665,127.600838
37.18546845,129.1099102,37.185511,129.10992
36.00235515,126.7588738,36.002355,126.758857
35.38296992,128.8216757,35.383003,128.821668
36.94176199,126.9423873,36.941764,126.942416
36.70144098,128.832155,36.701514,128.832258
37.34604289,126.988004,37.345844,126.988014
36.11540489,127.7170442,36.11541,127.717064
33.47381413,126.522528,33.473808,126.522576
37.55433023,126.9226871,37.554265,126.922605
35.85138246,129.2290068,35.851413,129.229051
37.67225796,127.0987838,37.67234,127.098821
36.49611592,128.570593,36.496177,128.570576
37.48038479,128.069554,37.48039,128.069694
35.95469064,129.5011448,35.95475,129.501149
37.51613801,128.7360182,37.516139,128.736021
37.89701252,128.8297084,37.896952,128.829711
34.92777305,128.0686638,34.927723,128.068636
36.99149237,126.3733432,36.991438,126.373279
35.50678089,126.53201,35.506785,126.532004
34.50155726,126.3763211,34.501602,126.37626
36.13284304,127.0997661,36.13285,127.099602
36.59461958,126.4856978,36.594632,126.485694
36.08174664,129.3519366,36.081738,129.352156
37.8980285,128.0100095,37.89802,128.01
37.61344991,126.8734609,37.613435,126.873506
36.84977409,127.1173562,36.849771,127.117511
35.17419237,128.8157441,35.174183,128.815775
35.78863483,128.4568077,35.788608,128.456749
37.69356342,127.1299957,37.693503,127.129881
36.44779622,127.1853136,36.447761,127.185308
36.39658072,129.1011141,36.396479,129.101253
36.69584484,128.1108263,36.695867,128.111077
35.65698155,127.2313571,35.656965,127.231359
38.21783864,128.2066304,38.217847,128.20683
37.6434064,127.9382603,37.643427,127.938253
34.92995142,128.0521872,34.930025,128.05208
35.84503999,128.5933776,35.845119,128.593385
36.41941759,129.0294393,36.419421,129.029536
35.25001123,128.4272843,35.250015,128.427358
34.53064829,127.1586703,34.530573,127.15868
36.42615742,127.3885434,36.426248,127.388597
35.42698665,127.4361978,35.427014,127.43621
36.98817936,127.7332115,36.98821,127.73314
35.30391629,126.7824496,35.303883,126.782445
37.49944754,126.7602646,37.499533,126.760283
36.87760183,126.5964786,36.877584,126.596631
37.50052125,126.7322732,37.500494,126.73227
37.45498471,126.6235779,37.454849,126.623507
35.29975748,128.6056154,35.299775,128.605619
36.07358542,128.9050077,36.073578,128.905022
36.08193145,126.8206414,36.081873,126.820573
37.59934384,127.1048291,37.599354,127.104827
37.64065729,126.9163094,37.640628,126.916211
35.12317178,128.1123629,35.123203,128.112376
35.83305658,127.0224786,35.833057,127.022398
37.29088114,127.1519424,37.290819,127.15195
34.9706808,127.6123575,34.970715,127.612354
37.47057864,126.850504,37.470622,126.850515
37.39054164,126.9526732,37.390829,126.952515
36.12727449,128.3398066,36.127187,128.33996
35.96543506,127.1809717,35.965452,127.180908
35.86439114,128.6103409,35.864353,128.610389
36.82032094,127.812638,36.820306,127.812579
37.67912636,127.036526,37.679161,127.036523
35.51555171,129.3378039,35.515537,129.337825
34.94368375,127.6702901,34.943625,127.670321
34.63446928,126.764814,34.634474,126.764811
35.77951781,128.4371612,35.779486,128.437097
35.15984662,128.8289482,35.159921,128.829006
34.77196842,127.3340488,34.771989,127.3341
35.18385071,128.9183688,35.18383,128.918447
35.13835789,126.4124866,35.138428,126.412438
35.50236127,129.2308599,35.502326,129.230981
35.04534849,126.9637936,35.045407,126.963783
37.34735778,127.2213782,37.347431,127.221411
36.30483195,128.3377471,36.304799,128.337727
34.9120517,127.4745927,34.912108,127.474588
34.77012073,127.6819831,34.77012073,127.6819831
34.5644077,126.5819063,34.564375,126.58187
36.52833272,128.8061828,36.52833,128.806196
35.3201157,128.9890869,35.320167,128.989135
35.33567379,127.1330765,35.3357,127.133093
35.6573009,129.0637228,35.657272,129.063661
37.45145512,126.7178756,37.451453,126.717917
34.46994551,127.4671012,34.469765,127.466946
35.04486464,128.0991976,35.044861,128.099193
35.90973693,129.1341983,35.909763,129.134234
37.11651166,126.9100114,37.116374,126.909946
35.15856071,128.6843101,35.158414,128.684364
35.58533691,127.7483293,35.5854,127.748332
35.45977934,127.7422723,35.459779,127.742267
37.62187932,126.8214965,37.621883,126.821502
35.48862169,129.4135434,35.488589,129.413512
37.57224427,126.9604817,37.572224,126.960496
34.74790395,126.4746671,34.747864,126.474565
35.71859514,128.4517385,35.718846,128.451363
37.23380656,127.2030956,37.233822,127.203191
34.97709662,128.3088699,34.976988,128.308886
34.81684494,127.6548125,34.816754,127.654915
36.30111699,126.8940468,36.30086,126.894044
36.73543131,127.4419014,36.735479,127.441867
35.56803396,128.5067417,35.567967,128.506824
36.96674764,126.6875228,36.966797,126.687523
37.69401544,127.2144272,37.694064,127.214452
35.9555795,126.8237182,35.95555,126.823819
37.26144252,127.195481,37.261526,127.195556
35.26642769,129.2291101,35.266443,129.229057
36.97937572,127.9178697,36.979359,127.917904
37.69782922,126.7383569,37.697832,126.738335
37.32106324,127.3356343,37.321057,127.335586
34.56420134,126.8392486,34.564224,126.83927
35.19268378,128.7944041,35.192708,128.794473
37.25491268,126.9732416,37.254928,126.973348
36.94870442,127.1335225,36.948753,127.133515
35.83727857,127.1693197,35.837313,127.169378
33.24063146,126.3371021,33.240635,126.337099
37.75236352,127.0355693,37.752357,127.035578
36.74064913,128.1121986,36.740706,128.111401
34.78484807,127.9553251,34.784784,127.955353
35.5619394,128.9427615,35.561981,128.942755
36.27669208,127.5680308,36.276708,127.568136
35.3148954,128.6112806,35.31488,128.611239
34.78848742,127.0937594,34.788762,127.093485
35.930999,128.822438,35.931021,128.822365
36.12858798,126.606457,36.128234,126.606194
36.37202698,127.3746463,36.372123,127.374564
36.66173619,127.3734114,36.661776,127.373573
37.11772366,127.0254511,37.117694,127.025522
36.37003718,128.1046446,36.370052,128.104451
37.0975743,127.0664756,37.097578,127.066477
37.02739786,127.1007396,37.027383,127.100601
36.56347168,127.5436019,36.563426,127.543697
36.08015507,126.9704437,36.080107,126.970409
37.86018237,127.0699901,37.86015,127.070042
34.8376839,127.81976,34.837654,127.819807
37.00690202,129.3997336,37.006911,129.399868
36.314853,129.1447031,36.314853,129.144585
35.52404058,128.7668638,35.524036,128.766922
33.25225319,126.5651248,33.252273,126.565118
36.48282365,129.0378085,36.482887,129.037854
35.23646287,127.0176182,35.236521,127.017566
36.9566393,127.5356648,36.956681,127.535665
37.68070695,127.1871118,37.68067,127.187054
34.76281958,127.7045414,34.76284,127.70453
35.67967932,129.1795678,35.679604,129.179764
34.97891031,127.5910146,34.97891,127.590994
35.49972565,128.7453783,35.499759,128.745428
37.44552738,128.6626666,37.445528,128.662667
35.97361929,126.5771563,35.973495,126.577166
36.32337157,126.5045761,36.323393,126.504597
36.79527176,127.0632074,36.795298,127.063215
36.06133709,128.4025859,36.06132,128.402543
37.53073434,127.3438647,37.530662,127.343894
34.90138049,127.3367621,34.901402,127.336728
35.82374887,128.6313913,35.823491,128.631258
35.8068232,126.8851379,35.806864,126.885139
36.68003926,126.845773,36.679974,126.845649
37.68420847,127.0515554,37.684225,127.051423
35.96213042,126.5907289,35.962046,126.590736
35.40582407,126.6736577,35.405749,126.673475
37.99140828,126.9524911,37.991342,126.952547
34.68024716,126.9140789,34.680304,126.914007
37.46701387,127.1405621,37.46702,127.140399
35.19107293,127.5055388,35.191125,127.505568
38.41640895,128.4323281,38.416343,128.432431
37.58051055,127.8528231,37.580512,127.852806
37.48795431,126.7425645,37.487956,126.742473
36.30831107,127.3684244,36.308295,127.368433
35.95709805,126.6750915,35.957056,126.675089
35.90894531,128.6160196,35.909012,128.616172
36.63201174,129.2165033,36.632006,129.216522
34.93213249,127.5529474,34.932159,127.552956
37.70527035,127.1741138,37.705898,127.173504
37.32573306,126.7679317,37.325746,126.767979
35.92161463,127.8332244,35.921576,127.833202
34.90050965,128.6296175,34.900561,128.629684
35.63094693,127.4610241,35.63089,127.461066
35.01433959,127.9495736,35.014331,127.949576
34.74874988,127.674873,34.748693,127.674896
36.91250445,127.2207588,36.912209,127.220491
36.35649752,126.62301,36.356574,126.623202
37.49922916,127.577923,37.499215,127.577903
35.72382303,126.8624519,35.723818,126.862333
35.15007243,128.9046673,35.15007243,128.9046673
37.73147709,127.4100197,37.73119,127.410473
38.12632211,128.2084761,38.126558,128.208554
35.48033669,129.3094082,35.48031,129.309251
35.08661329,128.8825754,35.086561,128.882575
37.54546394,127.3302973,37.545488,127.330263
37.20647955,127.8689095,37.206515,127.868851
35.33705828,128.1945826,35.337045,128.194578
34.8143497,128.6694214,34.814305,128.669458
36.47207174,127.965308,36.47202,127.965274
37.0193452,127.83899,37.019283,127.838994
36.45954331,128.8902927,36.45946,128.890277
35.14626107,128.9759854,35.14622,128.975974
35.27185178,126.6511389,35.27193,126.651193
35.61880648,127.4858002,35.618777,127.485819
35.31914206,129.0314959,35.319143,129.031494
36.20249011,128.1617494,36.202498,128.161712
37.67911405,126.8880388,37.679129,126.887917
33.55193314,126.7495029,33.551934,126.749506
34.85222101,128.4368297,34.852124,128.436825
35.83952406,128.7639751,35.839514,128.763943
36.07467274,126.7361663,36.074916,126.73645
33.2594251,126.4737273,33.259343,126.473693
35.23958427,128.871881,35.239577,128.871765
37.38310037,128.630942,37.383096,128.630954
36.0973371,127.686725,36.097349,127.686645
35.75172118,127.3489517,35.751722,127.348906
36.9098832,126.5785236,36.909917,126.578422
35.42352946,129.1578869,35.423665,129.157824
35.27927727,126.4354918,35.279334,126.435493
35.18969273,128.920212,35.189818,128.920327
36.18072656,128.4389981,36.180722,128.43891
37.59128222,126.6919616,37.591287,126.691973
37.28101771,126.8490325,37.281021,126.848933
37.33279235,127.5414794,37.332853,127.541513
37.76770996,127.4665557,37.767618,127.466572
37.72248008,126.9774237,37.722431,126.977362
37.40176823,128.6874277,37.401765,128.687435
37.25016824,127.7113218,37.250349,127.711411
37.84716934,127.0616279,37.847165,127.061558
35.18467343,127.0047226,35.184691,127.004745
37.88781164,127.0358911,37.887809,127.035887
36.00073945,127.5976914,36.000739,127.597691
35.8266409,127.9183655,35.826615,127.91832
34.95814937,127.4844034,34.958156,127.484254
36.91244482,126.6330032,36.912677,126.633354
35.10505591,126.9376766,35.105115,126.937831
37.96057728,126.9108004,37.96056,126.910774
35.93186349,126.9709894,35.931842,126.970992
35.92212903,127.7581625,35.92214,127.758096
36.65428106,128.4472238,36.654284,128.447215
35.24719004,126.4623288,35.247263,126.462275
35.34888866,128.5511201,35.349248,128.551081
35.5351153,128.0373273,35.535051,128.037568
35.85996546,128.5571372,35.860058,128.55712
35.45625785,128.5299118,35.45625,128.530009
37.44445025,126.8796261,37.444042,126.879451
35.8129982,127.9236848,35.813035,127.923625
36.39577604,128.5675853,36.395703,128.567348
36.94295786,127.1956044,36.942883,127.195992
33.2456445,126.4321508,33.245642,126.432029
36.74409911,126.3168651,36.744183,126.316988
37.384171,127.8984161,37.384406,127.898455
35.1591838,129.0500531,35.159203,129.050186
37.32599191,126.7301256,37.326046,126.730178
35.89195686,128.5488995,35.891898,128.548934
36.35423662,126.5868722,36.354134,126.587014
37.39527951,127.6749038,37.395224,127.674907
36.78727803,126.7567468,36.787193,126.756718
36.08026774,129.410537,36.080175,129.410575
37.51023474,127.382911,37.510169,127.382803
36.98878179,127.9369845,36.988782,127.936932
37.8716808,127.753449,37.871747,127.753448
36.12539095,129.3662503,36.125448,129.366313
35.14236851,128.2217059,35.142372,128.221758
34.49760775,126.3361756,34.497542,126.336157
36.91939463,127.054804,36.919463,127.054877
36.07680749,128.4042384,36.076855,128.404273
35.54021933,127.7215317,35.53994,127.721365
34.92001893,126.5567484,34.920013,126.556757
37.72083793,127.1012809,37.720774,127.101189
37.16212014,127.0891405,37.162035,127.089432
35.79784029,128.6237858,35.798325,128.624205
36.91470953,127.9980206,36.91475,127.997976
35.24013082,127.9984892,35.240144,127.998491
37.11090317,127.6074896,37.111007,127.607661
36.10415186,129.3927607,36.10446,129.392617
37.30174767,127.0066922,37.301771,127.006654
37.4067894,126.7236653,37.406811,126.723658
37.60865112,126.6843405,37.609058,126.684951
36.91387024,127.1330985,36.91386,127.133101
36.77983499,128.4284122,36.779842,128.428369
35.28084436,128.4012915,35.280775,128.401332
34.89836631,128.5675985,34.898333,128.567587
36.4216371,127.3945179,36.421592,127.394629
37.92576658,127.7517415,37.92575,127.751707
34.86567961,128.6955009,34.865699,128.695463
35.87866684,127.1333168,35.878669,127.133313
35.1331941,126.6604871,35.132929,126.660978
36.03271209,129.3359254,36.032672,129.335828
35.86734789,128.7231956,35.867199,128.72327
35.03374106,128.0437078,35.033481,128.044226
34.84090385,128.399007,34.840909,128.398983
35.79755981,126.8782609,35.797561,126.878191
34.7890622,128.0529172,34.78905,128.052935
35.75500393,128.5003884,35.754971,128.50038
35.08751832,128.8104916,35.088819,128.810487
37.27351319,128.6084327,37.27339,128.60849
35.81747101,129.5034816,35.81744,129.503534
38.00340007,127.0119856,38.003489,127.011801
36.92027739,127.7453833,36.920298,127.745395
35.56953204,129.1177815,35.56951,129.117782
35.38870749,129.1041701,35.388674,129.104225
36.5714067,128.6891422,36.57233,128.688763
37.8188331,128.2437485,37.818643,128.243685
35.29549537,129.0231592,35.295535,129.023089
37.65035928,126.8711738,37.65037,126.871065
36.72460718,127.4432212,36.724624,127.443135
37.32013884,127.6120796,37.320088,127.612011
35.19925164,128.914879,35.199253,128.914856
33.24357492,126.3846567,33.243735,126.384689
35.81697475,128.7358098,35.816976,128.735816
35.71363926,129.2563687,35.713587,129.256377
37.52392576,126.7407452,37.52389,126.740746
35.98272203,127.3848074,35.982692,127.384832
36.7374735,127.4575937,36.737484,127.457674
37.81034395,128.8520382,37.810302,128.852176
37.28141886,127.2213373,37.281378,127.221389
34.94454917,128.0994819,34.944466,128.100463
35.41160975,128.8685686,35.411601,128.868547
36.88362691,127.3761708,36.88364,127.376146
37.75596348,127.8075548,37.755975,127.807553
35.94450967,128.5468355,35.944528,128.546828
36.62587316,128.3267052,36.625995,128.32661
37.01764491,126.9198773,37.017661,126.919935
37.17883837,127.0195321,37.178793,127.019479
37.34001215,126.749558,37.339991,126.749537
37.26878141,127.2399129,37.268754,127.239924
36.4165505,128.1401008,36.416628,128.140043
37.45194913,126.408967,37.45196,126.409015
35.18403621,128.7948417,35.184001,128.794734
37.52174951,126.8497772,37.521753,126.849743
35.51960195,127.1205934,35.519624,127.120635
35.32528859,127.9789501,35.32525,127.978966
36.44193432,126.6023674,36.442024,126.602355
37.69607566,127.88813,37.696119,127.88812
37.58621496,127.4563337,37.586221,127.456338
37.49117039,126.8800795,37.491175,126.880207
35.9738328,129.5486328,35.973842,129.548502
36.79664,128.5023026,36.796636,128.502352
34.92850687,127.8340608,34.928476,127.833949
37.49965404,129.1173879,37.498837,129.117224
37.77770268,128.9341741,37.777703,128.934174
35.48976587,126.8027693,35.489751,126.802801
35.212845,128.9820014,35.212803,128.98196
35.50781707,126.6036353,35.507673,126.603599
36.30014846,127.455145,36.300162,127.455134
36.97836937,127.9433179,36.978416,127.943321
35.20279713,129.1353126,35.202799,129.13529
37.40631865,126.8261634,37.40626,126.826033
35.14620363,128.2820986,35.146201,128.282064
35.56046167,129.2712184,35.560509,129.271269
34.91002654,127.7842711,34.910027,127.784303
33.25286151,126.5105941,33.252869,126.510566
36.00526209,126.7132929,36.005186,126.713251
34.65705766,127.7999059,34.657007,127.799913
35.23701002,126.9907207,35.236534,126.990623
37.61551892,128.4010316,37.61548,128.40101
34.93099994,128.6545007,34.930956,128.65456
35.11131096,128.1044942,35.111247,128.104493
35.56487162,128.7647484,35.564843,128.764793
36.00299847,129.3143626,36.003075,129.314315
35.89477105,127.0581168,35.894767,127.057882
35.61271056,129.0658988,35.612729,129.065832
36.72393032,128.7185158,36.723928,128.718524
36.82177897,126.6381686,36.821818,126.638228
37.34664571,126.7106155,37.346771,126.710737
35.86487879,128.5426751,35.865033,128.542678
36.37358969,129.0917715,36.373559,129.091754
37.52525609,126.5029993,37.52537,126.503116
35.17945608,128.7958875,35.179456,128.796039
36.09000991,128.4408559,36.090037,128.440859
37.63881419,129.0424333,37.638836,129.042402
35.73334515,126.6816583,35.733343,126.681663
35.2260276,128.8442448,35.226004,128.844273
35.90393724,127.048688,35.903974,127.048673
36.49940017,126.6257226,36.499402,126.625719
37.84533624,128.673573,37.845298,128.67361
37.59912083,126.7131005,37.599208,126.713232
36.21969277,128.3215665,36.219697,128.321475
37.21395789,128.6874303,37.213992,128.687454
35.50685926,128.0380687,35.506874,128.038039
35.73771083,128.4567696,35.737454,128.457181
35.26835941,128.9804875,35.268315,128.980685
35.99195745,129.5635165,35.991926,129.563503
35.59767841,128.5004945,35.597728,128.500539
36.79069663,127.1639974,36.790658,127.163975
35.99130279,129.5671985,35.991319,129.567237
35.96426991,127.1378645,35.964244,127.137912
35.47385761,126.8025055,35.473816,126.802357
36.35311995,129.2944984,36.352976,129.294387
35.43299575,127.8894463,35.432989,127.889416
35.59997796,127.0074987,35.60004,127.007472
35.35062707,126.4326232,35.350605,126.432703
36.430353,127.3884866,36.430317,127.388591
35.30124645,126.5680359,35.301255,126.568065
36.86937966,126.5277284,36.869477,126.527627
34.77615311,128.6406155,34.776159,128.640645
35.89589182,128.6436412,35.895805,128.643717
37.26755344,126.8809686,37.267462,126.880815
37.34753052,129.1927288,37.347374,129.192865
35.25244195,126.9306671,35.252441,126.930699
37.26329944,127.497047,37.263329,127.496991
36.07065394,126.9676614,36.070746,126.96768
35.21803388,126.9258123,35.217941,126.925923
37.60128198,127.1355523,37.601371,127.135555
35.44302592,126.6505293,35.443031,126.650482
35.17697391,128.8142598,35.177021,128.814255
35.13280826,127.0934097,35.132817,127.093396
34.75828776,127.6332485,34.760797,127.633216
37.5324157,126.7098396,37.532367,126.709831
35.38013294,127.4874691,35.380137,127.487419
37.55519281,127.2391755,37.55512,127.239041
35.9767188,128.9101333,35.976713,128.910124
35.12416241,126.9387137,35.124189,126.938757
35.60189004,127.3748072,35.601913,127.374812
36.18794589,128.3550165,36.187947,128.354981
36.37117511,128.6815965,36.371179,128.681441
37.51287743,126.9375474,37.512839,126.937475
35.23850776,128.8817131,35.238497,128.881818
35.39873237,127.206962,35.398712,127.206919
36.76318292,126.8888747,36.763126,126.888869
34.46566036,126.870307,34.465619,126.870375
35.94412489,126.7590133,35.944026,126.759011
36.88926184,127.0339494,36.889258,127.034158
35.9284002,128.5223692,35.928412,128.522343
36.88952532,126.8249425,36.889526,126.824983
37.49495954,129.1252622,37.494912,129.1253
35.66231269,127.2133023,35.662358,127.213317
37.69946057,128.8151072,37.69959,128.815033
36.66176158,128.4583127,36.661798,128.458221
